text,label
3rd party cookies,Other
3rd party data processors,Other
a,Other
a allaf helpu,Other
a healthier future,Other
a local and global community,Other
a website,Other
abort,Close/Continue without accepting
about,Other
about auto trader,Other
about avis,Other
about cookie control,Other
about cookies,Other
about cookies on this site,Other
about hfma,Other
about our cookie policy,Other
about our cookies,Other
about our website and social media,Other
about this tool,Other
about uclan cookies,Other
about uclan's cookies,Other
about us,Other
about.ads.microsoft.com/en-gb/resources/policies/microsoft-advertising-privacy-policy,Other
accept,Accept
accept &  continue,Accept
accept & close,Accept
accept & close keyboard_arrow_right,Accept
accept & continue,Accept
accept & continue to site,Accept
accept & dismiss,Accept
accept & proceed,Accept
accept additional cookies,Accept
accept all,Accept
accept all & close,Accept
accept all & continue,Accept
accept all (recommended,Accept
accept all additional cookies,Accept
accept all and close,Accept
accept all and continue on the site,Accept
accept all categories,Accept
accept all cookies,Accept
accept all cookies and close,Accept
accept analytical cookies,Accept
accept analytics,Accept
accept analytics cookies,Accept
accept and close,Accept
accept and close this message,Accept
accept and close x,Accept
accept and continue,Accept
accept and continue browsing,Accept
accept and continue to site,Accept
accept and proceed,Accept
accept and shop,Accept
accept cookie policy,Accept
accept cookies,Accept
accept cookies & privacy policy,Accept
accept cookies and close this notice,Accept
accept cookies and continue,Accept
accept cookies policy,Accept
accept defaults,Accept
accept detailed selection,Save cookie settings
accept details,Save cookie settings
accept essential,Reject
accept essential cookies,Reject
accept everyone,Accept
accept my preferences,Save cookie settings
accept necessary,Reject
accept necessary cookies,Reject
accept necessary cookies only,Reject
accept only essential,Reject
accept only essential cookies,Reject
accept only mandatory,Reject
accept only necessary,Reject
accept only necessary cookies,Reject
accept only required cookies,Reject
accept optional cookies,Accept
accept our cookie policy,Accept
accept our policy,Accept
accept pixel cookies,Accept
accept policy,Accept
accept privacy policy,Accept
accept recommended,Accept
accept recommended cookies,Accept
accept recommended settings,Accept
accept recommended settings and close,Accept
accept required cookies,Reject
accept selected,Save cookie settings
accept selection,Save cookie settings
accept settings,Save cookie settings
accept specific,Cookies settings
accept standard settings,Accept
accept these cookies,Accept
accept tracking,Accept
accept website usage cookies,Accept
access our privacy policy,Accept
access your device,Other
accessibility,Other
accessibility guidelines,Other
accessibility statement,Other
accessible information standard,Other
account,Other
acknowledge & accept,Accept
acknowledge & close,Accept
acs websites,Other
activate cookies,Accept
active,Other
"ad selection, delivery, reporting",Other
adara inc,Other
additional cookies,Other
additional cookies for marketing purposes,Other
additional links,Other
adform a/s,Other
adjust cookie settings,Cookies settings
adjust default settings,Cookies settings
adjust or view cookie policy,Cookies settings
adjust preferences,Cookies settings
adjust settings,Cookies settings
administration,Other
adobe experience cloud (analytics,Other
adobe inc,Other
advanced cookie settings,Cookies settings
advertise,Other
advertise your business,Other
advertisement,Other
advertisement cookies are used to provide visitors with relevant ads and marketing campaigns. these cookies track visitors across websites and collect information to provide customized ads,Other
advertising,Other
advertising agencies,Other
advertising and social media cookies,Other
advertising cookies,Other
advertising or targeting cookies,Other
advertising packages,Other
advertising partners,Other
advice centre,Other
agency,Other
agree,Accept
agree  to  our  use  of  cookies,Accept
agree & close,Accept
agree & continue,Accept
agree & exit,Accept
agree & proceed,Accept
agree all,Accept
agree all & proceed,Accept
agree and access site,Accept
agree and close,Accept
agree and close x,Accept
agree and continue,Accept
agree and proceed,Accept
agree to all,Accept
agree to cookies,Accept
agree to selected,Save cookie settings
agree with strictly necessary cookies only,Reject
aircraft guide,Other
ak_bmsc,Other
akkoord,Other
alder hey to create sensory friendly environments for children and young people,Other
all about cookies,Other
all about cookies website,Other
all accept,Accept
all active,Accept
all allow,Accept
all cookies,Accept
all inactive,Reject
all the people,Other
all uk locations,Other
allow,Accept
allow additional cookies,Accept
allow all,Accept
allow all cookies,Accept
allow all cookies and reload,Accept
allow and close,Accept
allow and continue,Accept
allow cookies,Accept
allow cookies and close,Accept
allow necessary cookies only,Reject
allow only my choices,Save cookie settings
allow only necessary cookies,Reject
allow optional cookies,Accept
allow recommended cookies,Accept
allow selected,Save cookie settings
allow selected cookies,Save cookie settings
allow selected only,Save cookie settings
allow selection,Save cookie settings
allow technical cookies only,Reject
allow x,Accept
always allowed,Other
amazon,Other
amazon news,Other
amazon's cookies & internet advertising page,Other
amazon's privacy notice,Other
analytical cookies,Other
"analytical cookies are used to understand how visitors interact with the website. these cookies help provide information on metrics the number of visitors, bounce rate, traffic source, etc",Other
analytical/performance cookies,Other
analytics,Other
analytics & customisation,Other
analytics and customisation cookies,Other
analytics and performance cookies,Other
analytics cookies,Other
analytics cookies only,Other
analytics provider,Other
"analytics, advertisement & functional cookies",Other
analytics/performance,Other
android,Other
animation policy,Other
animations & interaction,Other
anonymised analytics,Other
anonymous reporting portal,Other
"any cookies that may not be particularly necessary for the website to function and is used specifically to collect user personal data via analytics, ads, other embedded contents are termed as non-necessary cookies. it is mandatory to procure user consent prior to running these cookies on your website",Other
apple,Other
apple safari,Other
applicant privacy policy,Other
applied technologies internet sas,Other
apply,Save cookie settings
apply and close,Save cookie settings
apply selection,Save cookie settings
apply settings,Save cookie settings
approve,Accept
arcgis,Other
are employee relationships the forbidden fruit,Other
arrow-right,Other
arrow_back,Other
assessment specialists privacy policy,Other
astroid framework,Other
ate shop,Other
atlas,Other
att register of aml supervised members,Other
audience measurement,Other
audience measurements,Other
authorize,Accept
available here,Other
awards,Other
awin,Other
aws cookie notice,Other
axeptio,Other
azure,Other
back,Other
back button,Other
back to cookie list,Other
back to main categories,Other
back to main page,Other
back to previous options,Other
back to privacy notice,Other
back to sign in,Other
back to top,Other
basecamp access,Other
basic cookies - limits some features,Other
basket,Other
bazaarvoice,Other
bfi cookies policy,Other
bidswitch,Other
birmingham,Other
blackberry,Other
block,Other
blog,Other
blogs,Other
blue,Other
book a consultation,Other
book an appointment,Other
borrow money,Other
bouncex,Other
braintreepayments.com/gb/features/data-security,Other
brand advertising on auto trader,Other
brighter ir,Other
"britbox - streaming the biggest collection of british boxsets, all in one place",Other
britbox privacy policy,Other
browsealoud v.3 documentation,Other
browser settings,Other
building futures,Other
business banking,Other
business class flights,Other
business leased lines,Other
buying & selling guides,Other
"by clicking ""allow all cookies"", you agree to the storing of cookies on your device to enhance site navigation, and increase your user experience. essential cookies cannot be disabled, however you can opt-out of your data being stored. click here to read our cookie policy",Other
"by using hungrrr.co.uk, you accept our cookie notice terms",Other
calendar of college events,Other
call for ideas,Other
cancel,Other
cancel and return,Other
candidate privacy policy,Other
captify,Other
car brands,Other
car finance,Other
car insurance,Other
car valuations,Other
cards,Other
careers,Other
careers at middlesex,Other
cargo charter,Other
carry on using cookies,Accept
casale media inc,Other
cash converters - privacy policy,Other
cdnjs,Other
cern,Other
ceros,Other
change,Cookies settings
change consent settings here,Cookies settings
change cookie preferences,Cookies settings
change cookie settings,Cookies settings
change cookies settings,Cookies settings
change my cookie settings,Cookies settings
change my preferences,Cookies settings
change my settings,Cookies settings
change preferences,Cookies settings
change settings,Cookies settings
change which cookies you're happy for us to use,Cookies settings
change your configuration,Cookies settings
change your consent,Cookies settings
change your cookie preferences,Cookies settings
change your cookie settings,Cookies settings
change your preferences,Cookies settings
change your settings,Cookies settings
changes to this cookie policy,Other
cheap cars,Other
cheap flights,Other
check our cookie policy,Other
check out our cookie policy,Other
check out our privacy & cookies policy,Other
check the full list,Other
child-friendly privacy policy,Other
choose,Cookies settings
choose cookie preferences,Cookies settings
choose cookies,Cookies settings
choose cookie level,Cookies settings
choose cookie settings,Cookies settings
choose cookies settings,Cookies settings
choose to keep them off,Reject
choose which cookies to accept,Cookies settings
choose which cookies we use,Cookies settings
choose which cookies we use here,Cookies settings
choose your cookies,Cookies settings
choose your own cookie settings,Cookies settings
chrome,Other
"chrome, android",Other
claire's cookie policy,Other
classic cars,Other
clicca qui,Other
cliciwch at fwy o fanylion,Other
click for more info,Cookies settings
click for more information,Cookies settings
click here,Other
click here for an overview of privacy at google,Other
click here for full information,Other
click here for information on downloading a browser add-on to opt-out of google analytics,Other
click here for more information,Other
click here for the addthis privacy policy,Other
click here for the google privacy policy and an overview of privacy at google,Other
click here to agree [x,Accept
click here to change your settings,Cookies settings
click here to continue without non-necessary cookies,Reject
click here to find out more,Cookies settings
click here to find out more about our cookie policy,Other
click here to learn about cookie settings,Cookies settings
click here to learn more about cookies,Other
click here to manage cookies and to read more information,Cookies settings
click here to manage your preferences,Cookies settings
click here to print,Other
click here to read more on our privacy policy,Other
click here to read our cookie notice,Other
click here to read our cookie policy,Other
click here to read our full cookie policy,Other
click here to read our privacy notice,Other
click here to read our privacy policy,Other
click here to see more details in our full cookie notice,Other
click here to see our cookie policy,Other
click to accept marketing cookies and enable this content,Accept
click to find out more or,Cookies settings
click to learn more,Cookies settings
click to see our cookie policy,Other
click use of cookies,Other
click/tap here for details,Cookies settings
clicking here,Other
climate and sustainability,Other
clook internet,Other
close,Close/Continue without accepting
close & continue,Close/Continue without accepting
close [x,Close/Continue without accepting
close and accept,Accept
close and agree to cookies,Accept
close and continue,Close/Continue without accepting
close cookie banner,Close/Continue without accepting
close cookie banner and continue,Close/Continue without accepting
close cookie consent notice,Close/Continue without accepting
close cookie conset,Close/Continue without accepting
close cookie control,Close/Continue without accepting
close cookie notice,Close/Continue without accepting
close cookie preferences,Close/Continue without accepting
close gdpr cookie banner,Close/Continue without accepting
close gdpr cookie settings,Close/Continue without accepting
close menu,Other
close message,Close/Continue without accepting
close modal,Close/Continue without accepting
close notification,Close/Continue without accepting
close panel,Close/Continue without accepting
close preferences,Close/Continue without accepting
close settings,Close/Continue without accepting
close this dialog,Close/Continue without accepting
close this message,Close/Continue without accepting
close this window,Close/Continue without accepting
close without saving,Close/Continue without accepting
close x,Close/Continue without accepting
cloudflare inc,Other
"cloudflare, inc",Other
code of conduct,Other
collect information about how you use our website.help us to improve features by detecting any bug on our website,Other
collect information about how you use our websitehelp us to improve features by detecting any bug on our website,Other
collect information about how you use our websitehelp us to improve features by detecting any bugs on our website,Other
college closure dates,Other
colocation,Other
comcast corporation,Other
commission,Other
commpay,Other
community guidelines,Other
commuting to university,Other
company,Other
complaints,Other
comprehensive information,Other
conditions of use,Other
confiant inc,Other
configure,Cookies settings
configure cookies,Cookies settings
configure settings,Cookies settings
configure your cookies,Cookies settings
confirm,Accept
confirm all,Accept
confirm and save your preference,Save cookie settings
confirm choice,Save cookie settings
confirm choices,Save cookie settings
confirm cookie settings,Save cookie settings
confirm current selection,Save cookie settings
confirm my choice,Save cookie settings
confirm my choices,Save cookie settings
confirm my cookie selection,Save cookie settings
confirm my preferences,Save cookie settings
confirm my preferences and close,Save cookie settings
confirm my selection,Save cookie settings
confirm my settings,Save cookie settings
confirm options,Save cookie settings
confirm preferences,Save cookie settings
confirm selection,Save cookie settings
confirm settings,Save cookie settings
confirm your choices,Save cookie settings
confirm your preferences,Save cookie settings
confirm your settings,Save cookie settings
confirmation,Save cookie settings
conor hannahs homeless charity,Other
consent,Accept
consent management,Cookies settings
consent on vimeo,Other
consent on youtube,Other
consents certified by,Other
contact,Other
contact cookie information on their website,Other
contact forms,Other
contact us,Other
contacting us,Other
"content selection, delivery, reporting",Other
continue,Close/Continue without accepting
continue and allow all cookies,Accept
continue and close,Close/Continue without accepting
continue navigation without cookies,Reject
continue to site,Close/Continue without accepting
continue to use site,Close/Continue without accepting
continue to website,Close/Continue without accepting
continue with cookies,Accept
continue with essential cookies,Reject
continue with recommended cookies,Accept
continue with recommended settings,Accept
continue without accepting,Close/Continue without accepting
continue without agreeing,Close/Continue without accepting
continue without tracking,Close/Continue without accepting
control how cookies are used here,Cookies settings
controlling and deleting cookies,Other
controlling cookies,Other
cookie,Other
cookie & privacy policy page,Other
cookie and privacy policy,Other
cookie and similar technologies policy,Other
cookie and usage notice,Other
cookie choices,Cookies settings
cookie consent,Other
cookie consent by cookiehub,Other
cookie consent explained,Other
cookie consent manager,Cookies settings
cookie consent plugin for the eu cookie law,Other
cookie consent policy,Other
cookie consent tool,Other
cookie control centre,Cookies settings
cookie control close icon,Close/Continue without accepting
cookie declaration,Other
cookie details,Cookies settings
cookie disclosure,Other
cookie id,Other
cookie information,Other
cookie information - data processor privacy policy,Other
cookie information page,Other
cookie law,Other
cookie list,Other
cookie notice,Other
cookie notice here,Other
cookie notice web page,Other
cookie notices,Other
cookie options,Cookies settings
cookie page,Other
cookie policies,Other
cookie policy,Other
cookie policy (opens in new window,Other
cookie policy for more information,Other
cookie policy here,Other
cookie policy page,Other
cookie preference centre,Cookies settings
cookie preference page,Cookies settings
cookie preference tool,Cookies settings
cookie preferences,Cookies settings
cookie preferences here,Cookies settings
cookie preferences tool,Cookies settings
cookie protection instructions,Other
cookie settings,Cookies settings
cookie settings in firefox,Other
cookie settings in google chrome,Other
cookie settings in internet explorer,Other
cookie settings in safari,Other
cookie settings page,Cookies settings
cookie statement,Other
cookie statement (pdf,Other
cookie statement for more information,Other
cookie use on our site,Cookies settings
cookie-einstellungen,Other
cookie-richtlinie,Other
cookie-richtlinien,Other
cookie-script,Other
cookiebot,Other
cookiefirst,Other
cookiehub,Other
cookies,Other
cookies & online marketing page,Other
cookies & privacy,Other
cookies and navigation data on hotpoint sites,Other
cookies and privacy,Other
cookies and similar technologies,Other
cookies and similar technologies notice,Other
cookies and similar technologies' policy,Other
cookies and tracking,Other
cookies and your privacy,Other
cookies are on,Other
cookies are small text files that can be used by websites to make a user's experience more efficient.the law states that we can store cookies on your device if they are strictly necessary for the operation of this site. for all other types of cookies we need your permission.this site uses different types of cookies. some cookies are placed by third party services that appear on our pages.you can at any time change or withdraw your consent from the cookie declaration on our website. please delete your currently saved cookies for the aber.ac.uk domain and then revisit our site. the cookie banner will appear and you can change your consent there,Other
"cookies are small text files that can be used by websites to make a user's experience more efficient.the law states that we can store cookies on your device if they are strictly necessary for the operation of this site. for all other types of cookies we need your permission.this site uses different types of cookies. some cookies are placed by third party services that appear on our pages.you can at any time change or withdraw your consent from the cookie declaration on our website.learn more about who we are, how you can contact us and how we process personal data in our privacy policy",Other
"cookies are small text files that can be used by websites to make a user's experience more efficient.the law states that we can store cookies on your device if they are strictly necessary for the operation of this site. for all other types of cookies we need your permission.this site uses different types of cookies. some cookies are placed by third party services that appear on our pages.you can at any time change or withdraw your consent from the cookie declaration on our website.learn more about who we are, how you can contact us and how we process personal data in our privacy policy.please state your consent id and date when you contact us regarding your consent",Other
"cookies are small text files that can be used by websites to make a user's experience more efficient.the law states that we can store cookies on your device if they are strictly necessary for the operation of this site. for all other types of cookies we need your permission.this site uses different types of cookies. some cookies are placed by third party services that appear on our pages.you can at any time change or withdraw your consent from the cookie declaration on our website.learn more about who we are, how you can contact us and how we process personal data in our privacy policy.please state your consent id and date when you contact us regarding your consent.your consent applies to the following domains: velux-daylight-calculator.netlify.app, www.buildinginspiration.co.uk, dealertraining.velux.co.uk, www.transformingspaces.velux.co.uk, www.veluxmoments.co.uk, blog.velux.co.uk, velux.co.uk, inspiration.velux.co.uk",Other
cookies are small text files that can be used by websites to make a user's experience more efficient.the law states that we can store cookies on your device if they are strictly necessary for the operation of this site. for all other types of cookies we need your permission.this site uses different types of cookies. some cookies are placed by third party services that appear on our pages.your consent applies to the following domains: system.collections.generic.list`1[cookiebot.consent.service.domain.domains.domainlistmodel,Other
"cookies are small text files that we store on your device when you visit our website. they help us run the website, save your preferred settings, target our advertising and analyse visitor traffic.we need your permission to store most cookies on your device. we don't need your permission for essential cookies but we want to tell you about these too, in case you have questions about them.some of our cookies are placed by other organisations, such as the cookies used to make our table and room booking web pages work.there's a link in our cookie policy that you can use to change your cookie choices. you can also read our privacy notice to learn how we use your personal data and how you can contact our data protection team",Other
cookies button,Other
cookies collect information,Other
cookies detail,Cookies settings
cookies details,Cookies settings
cookies details (non-iab vendors,Cookies settings
cookies management,Cookies settings
cookies notice,Other
cookies on the obie website,Other
cookies page,Other
cookies policy,Other
cookies policy & partners,Other
cookies policy here,Other
cookies preferences,Cookies settings
cookies settings,Cookies settings
cookies statement,Other
cookies that help with our communications and marketing,Other
cookies that measure website use,Other
cookies to collect information,Other
cookies used,Other
cookies we use,Other
cookiescript,Other
cookietest,Other
cookiey,Other
corporate,Other
corporate social responsibility,Other
countryside management service,Other
courses,Other
covid,Other
covid-19 hub,Other
cpag  on facebook,Other
cpag in scotland on twitter,Other
cpag on twitter,Other
crazyegg,Other
create a personalised ads profile,Other
create a personalised content profile,Other
creating a healthier future,Other
criminal offence data (ico,Other
cross-domain consent,Other
current vacancies,Other
custom configuration,Cookies settings
custom settings,Cookies settings
customer preference cookies,Cookies settings
customisation cookies,Other
customise,Cookies settings
customise cookie settings,Cookies settings
customise cookies,Cookies settings
customise cookies settings,Cookies settings
customise my choices,Cookies settings
customise my cookie preferences,Cookies settings
customise my preferences,Cookies settings
customise settings,Cookies settings
customise your preferences,Cookies settings
customised choice,Other
customize,Cookies settings
customize settings,Cookies settings
customize your choice,Cookies settings
customize your choices,Cookies settings
cyber-duck,Other
cymervical,Other
cymraeg,Other
cysylltwch a ni,Other
d issue,Other
da,Other
data,Other
data aggregator/supplier,Other
data preferences,Cookies settings
data privacy by osano,Other
data privacy page,Other
data protection,Other
data protection act,Other
data protection and privacy policy,Other
data protection declaration,Other
data protection information,Other
data protection notice,Other
data protection officer,Other
data protection policy,Other
data protection statement,Other
data storage policy,Other
datapolicy,Other
datelines,Other
dcfcmegastore,Other
dcfctickets,Other
ddarganfod,Other
de,Other
deactivate cookies,Reject
dealer portal,Other
deceased,Other
decibel insight,Other
decline,Reject
decline additional cookies,Reject
decline all,Reject
decline all but essential cookies,Reject
decline all tracking cookies,Reject
decline cookies,Reject
decline optional cookies,Reject
decline/revoke,Reject
decouvrez axeptio,Other
dedicated servers,Other
definitions,Other
delivery,Other
delivery & returns,Other
delivery & returns information,Other
delivery costs,Other
delivery time,Other
dell,Other
"dell uses different types of cookies to streamline your user experience and enable certain website features, as well as third-party cookies to improve your overall browsing experience, connect to your social media accounts, and adapt advertising to your interests. by clicking on the categories below, you can get more information and adjust your settings, which are then applied to your current device. you can also access this tool from your other devices if you want to customize your settings, and you can use it from any device at any time to disable specific cookies. please note that blocking certain types of cookies may affect your user experience and limit our range of services and features. learn more about our use of cookies in our #cookie policy",Other
demdex,Other
deny,Reject
deny all,Reject
deny all except essential,Reject
deny cookies,Reject
deselect all,Other
designed by lighthouse,Other
destinations,Other
detail,Cookies settings
detailed privacy settings,Cookies settings
detailed selection,Cookies settings
details,Cookies settings
deutsch,Other
digital control room ltd,Other
disable,Reject
disable all,Reject
disable cookies,Reject
disagree,Reject
disagree & exit,Reject
disagree and close,Reject
disagree to all,Reject
disallow,Reject
disallow cookies,Reject
discard changes,Other
disclaimer,Other
dismiss,Close/Continue without accepting
dismiss all,Reject
dismiss all (except necessary,Reject
dismiss because you don't care bear,Reject
dismiss this message,Close/Continue without accepting
dmu safe trace privacy notice,Other
do cookies ever expire or change,Other
do i have to consent to everything,Other
do not accept,Reject
do not accept cookies,Reject
do not allow,Reject
do not allow cookies,Reject
do not require us to fix pdfs or other documents published before 23 september,Other
do not sell my personal information,Other
do not show this message again,Other
do not use analytics cookies,Reject
do not use functional cookies,Reject
do not use non-essential cookies,Reject
do not use optional cookies,Reject
does premier use cookies,Other
don't show again,Other
don't show me this again,Other
don't show me this message again,Other
don't show this message again,Other
don't show this to me again,Other
don't use analytics cookies,Reject
donate,Other
donate now,Other
done,Close/Continue without accepting
dont show me this message anymore,Other
dotmailer,Other
doubleclick,Other
dowiedz her likecej,Other
download,Other
download a pdf version of the policy here,Other
dynamic servers ltd,Other
dynamic yield,Other
e-mail,Other
ed walker,Other
edaa,Other
edit cookie preferences,Cookies settings
edit my options,Cookies settings
edit preferences,Cookies settings
edit settings,Cookies settings
edit settings & show details,Cookies settings
edit settings & view cookie details,Cookies settings
education blogs,Other
email & office,Other
email us for more information,Other
emergency loans,Other
employee privacy policy,Other
en,Other
enable,Accept
enable all,Accept
enable all cookies,Accept
enable all cookies and save,Accept
enable necessary cookies only,Reject
enable us to make more interesting offers adapted to your need.collect personal information during your browser session,Other
enable us to make more interesting offers adapted to your needcollect personal information during your browser session,Other
enable us to make the adverts you see more relevant by tailoring them to you using information collected about your browsing session on our website,Other
end of menu,Other
english,Other
enquire now,Other
ensighten,Other
enter for examinations,Other
episerver,Other
equality & diversity,Other
"equality, diversity and inclusion",Other
equifax online privacy and cookie policy,Other
eskimi,Other
essential,Other
essential and functional,Other
essential and non-essential cookies,Other
essential cookies,Other
essential cookies only,Reject
essential only,Reject
essential website cookies,Other
essentialcookies only,Other
eu and uk law,Other
eu cookie law,Other
eu customers data stored in germany - gdpr compliant,Other
eu law,Other
eu privacy notice,Other
events hosted by the college,Other
evidon,Other
exchange rates,Other
exempt from meeting the accessibility regulations,Other
exit,Close/Continue without accepting
exponential interactive inc,Other
facebook,Other
facebook - privacy policy,Other
facebook and privacy,Other
facebook business (formerly facebook custom audience,Other
facebook for developers (formerly facebook connect,Other
facebook pixel cookie,Other
facebook privacy policy,Other
facts about amazon,Other
faq,Other
faqs,Other
favorite,Other
features,Other
feedback,Other
feefo,Other
fees and funding,Other
festival,Other
filter icon,Other
finance,Other
finance calculator,Other
financial advice,Other
financial ombudsman service,Other
financial wellbeing: tips and resources,Other
find a car dealer,Other
find florists,Other
find here,Other
find out about cookies,Other
find out about our cookies and how to change them,Other
find out all about the cookies we use and those that you can refuse,Other
find out how to do so here,Other
find out how to manage your cookies,Cookies settings
"find out how we collect, use and store your data",Other
find out how we use cookies on our site,Other
find out more,Cookies settings
find out more & review cookie settings,Cookies settings
find out more about cookies,Other
find out more about cookies and how we use them,Other
find out more about cookies here,Other
find out more about cookies on cqc.org,Other
find out more about cookies on dwi.gov.uk,Other
find out more about cookies on forestresearch.gov.uk,Other
find out more about cookies we use,Other
find out more about how this website uses cookies to enhance your browsing experience,Other
find out more about how we use cookies,Other
find out more about our cookie policy,Other
find out more about our cookies,Other
find out more about our cookies and how to manage your settings,Cookies settings
find out more about our cookies here,Other
find out more about our use of cookies,Other
find out more about the advertising cookies used on the museum's website,Other
find out more about the cookies we use,Other
find out more about the functional cookies on the museum's website,Other
find out more about the performance cookies on the museum's website,Other
find out more about the strictly necessary cookies we use,Other
find out more about these analytics cookies,Other
find out more about these functional cookies,Other
find out more about this site's cookies,Other
find out more about what cookies we use and how,Other
find out more about which cookies we use and why,Other
find out more here,Other
find out more in our cookie policy,Other
find out more on our cookies,Other
find out more on our cookies policy,Other
find out more or set individual cookie preferences,Other
find out who's who,Other
find out why we use cookies,Other
find out why we use cookies and how to manage your settings,Other
find your local branch,Other
fine print,Other
firefox,Other
first party cookie providers,Other
flash cookies,Other
follow us,Other
for android,Other
for chrome,Other
for firefox,Other
for internet explorer,Other
for media,Other
"for more detailed information about the cookies we use, read our cookie policy",Other
for more information about how we use cookies please visit our cookies policy,Other
"for more information about the cookies we use, visit our cookies page",Other
for more information on cookies please see our cookies page,Other
for more information see our cookie policy,Other
for more information see our privacy policy,Other
for safari (ios,Other
for safari (os x,Other
force24's terms and conditions of trade,Other
forgive,Accept
forgive all,Accept
formstack,Other
found here,Other
freewheel,Other
freewheel media inc,Other
freshworks,Other
fscs privacy notice,Other
full circle studies inc,Other
full cookie list,Other
full details of how we use cookies,Other
full privacy policy,Other
function,Other
functional,Other
functional and performance,Other
functional and performance cookies,Other
functional and statistical cookies,Other
functional cookies,Other
"functional cookies help to perform certain functionalities like sharing the content of the website on social media platforms, collect feedbacks, and other third-party features",Other
functional only,Reject
functionality,Other
functionality cookies,Other
fundraising preference service,Other
fundraising promise,Other
further,Other
further cookie information,Other
further information,Other
ga,Other
game changing innovation,Other
gbps dedicated servers,Other
gdpr compliance,Other
gdpr tools,Other
general information,Other
general information on cookies,Other
get in touch,Other
getting in touch,Other
gid,Other
giphy,Other
give me more info,Cookies settings
give me more information,Cookies settings
global privacy policy,Other
global-e,Other
gloucester county council,Other
go,Other
go back,Other
go here,Other
go to cookie settings,Cookies settings
go to our cookie policy,Other
go to our cookies policy,Other
go to privacy policy,Other
go to settings,Cookies settings
google,Other
google ad preferences plugin,Other
google ad-tech vendors,Other
google adsense,Other
google advertising preferences manager,Other
google analytics,Other
google analytics cookies,Other
google analytics opt out plugin,Other
google analytics opt-out,Other
google analytics opt-out browser add-on,Other
google analytics privacy overview here,Other
google chrome,Other
google fonts,Other
google inc,Other
google llc,Other
google maps,Other
google plus,Other
google policies and principles,Other
google policies and privacy page,Other
google privacy & terms site,Other
google privacy policy,Other
google recaptcha,Other
google tag manager,Other
google's overview of privacy and safeguarding data,Other
google's privacy & terms,Other
google's privacy and terms,Other
google's privacy policies page,Other
google's use of data,Other
got it,Accept
got it - let's go,Accept
"got it, thanks",Accept
governance,Other
govmetric,Other
ground breaking research,Other
group charter,Other
group of websites,Other
guide to pecr (ico,Other
guidelines for the use of cookies,Other
gwybodaeth y cyngor cyffredinol,Other
happy to accept,Accept
head here,Other
help,Other
help guides,Other
help_outline,Other
helpful guide,Other
here,Other
hertfordshire lis,Other
hfma membership,Other
hide,Close/Continue without accepting
hide cookies,Other
hide description,Other
hide details,Other
hide gifs i am reading,Other
hide message,Close/Continue without accepting
hide notice,Close/Continue without accepting
hide notification only,Close/Continue without accepting
hide preferences,Close/Continue without accepting
hide this message,Close/Continue without accepting
hide this notice,Close/Continue without accepting
history.store,Other
ho capito,Other
holidays,Other
home,Other
homepage,Other
hotels,Other
hotjar,Other
hotjar ltd,Other
houzz cookie policy,Other
how can i change my choice,Cookies settings
how can they control the use of cookies,Other
how can they manage their cookie settings,Cookies settings
how cookies are used,Other
how cookies are used on this site,Other
how do i disable cookies,Cookies settings
how does legitimate interest work,Cookies settings
how is your personal data collected,Other
how to change settings,Cookies settings
how to change your cookies,Cookies settings
how to contact us,Other
how to manage cookies,Cookies settings
how to manage your settings,Cookies settings
how to order,Other
how to turn off cookies,Cookies settings
how we manage your data,Cookies settings
how we use cookies,Other
how we use your personal data,Other
hssc,Other
hubspot,Other
hubspot inc,Other
hygyrchedd,Other
i accept,Accept
i accept all cookies,Accept
i accept cookies,Accept
i accept cookies for analytics purposes,Accept
i accept cookies for marketing purposes,Accept
i accept cookies for social network sharing purposes,Accept
i accept cookies from this site,Accept
i accept cookies on this website,Accept
i accept functional and marketing cookies etc,Accept
i accept optional cookies,Accept
i accept recommended settings,Accept
i accept the selected cookies,Save cookie settings
i agree,Accept
"i agree, dismiss this banner",Accept
i agree. continue using site,Accept
i am fine with this,Accept
i am happy to accept the cookies,Accept
i am happy to accept the cookies [x,Accept
i am happy with this,Accept
i am ok with cookies,Accept
i am ok with that,Accept
i consent,Accept
i consent to cookies,Accept
i decide,Cookies settings
i decline,Reject
i decline cookies on this website,Reject
i disagree,Reject
i do not accept,Reject
i do not accept cookies,Reject
i do not agree,Reject
i don't agree,Reject
i have read and understood,Accept
i need more info,Cookies settings
i refuse cookies,Reject
i reject,Reject
i reject cookies,Reject
i understand,Accept
i want to choose,Cookies settings
i want to find out more,Cookies settings
i want to sno more,Cookies settings
i wish to set my preference,Cookies settings
i'd like to find out more,Cookies settings
i'm fine with cookies,Accept
i'm fine with that,Accept
i'm fine with this,Accept
i'm fine with this [x,Accept
i'm happy to visit site,Accept
i'm happy with all cookies,Accept
i'm happy with cookies,Accept
i'm ok with analytics cookies,Accept
i'm ok with cookies,Accept
i'm ok with cookies. take me to the screen i was expecting to see,Accept
i'm ok with non-essential cookies,Accept
i'm ok with optional cookies,Accept
i'm ok with that,Accept
i'm ok with this,Accept
i'm okay with this,Accept
i've read and understood this message,Accept
i've read it,Close/Continue without accepting
i've read this,Close/Continue without accepting
iab advertising vendors,Other
ico website,Other
icr cookies policy,Other
id,Other
impact,Other
implied consent,Other
important information and who we are,Other
impressum,Other
imprint,Other
improve digital,Other
improve digital limited,Other
in the press,Other
independent press standards organisation (ipso,Other
individual cookies settings,Cookies settings
individual privacy preferences,Cookies settings
infinity tracking,Other
info,Cookies settings
information,Cookies settings
information about cookies,Cookies settings
information about our use of cookies,Other
information about the provider,Other
information and settings,Cookies settings
information commissioner's office,Other
information for schools,Other
information governance and data protection,Other
information here,Cookies settings
information on our use of cookies,Other
information on the use of cookies,Other
information storage and access,Other
information that may be used,Other
information we collect,Other
informi.co.uk/cookie-policy,Other
insight and analytic cookies,Other
instagram,Other
install gallery,Other
installation services,Other
instant loans,Other
intel cookie notice,Other
intel privacy notice,Other
interest-based ads notice,Other
international,Other
international holocaust remembrance alliance (ihra) definition of antisemitism,Other
internet browser cookies- what they are and how to manage them,Other
internet explorer,Other
investor information,Other
investor resources,Other
io_temp,Other
ip transit,Other
is available here,Other
it support,Other
it's ok,Accept
its partners,Other
itv insights,Other
jet portal login,Other
jobs,Other
join for free,Other
join our team,Other
join today,Other
join us,Other
joomdev,Other
joomla template,Other
jquery,Other
jsdelivery,Other
jungle creations,Other
just the essential ones,Reject
k,Other
keep current preferences,Save cookie settings
keep shopping,Other
keep these cookies,Save cookie settings
kissmetrics,Other
know more,Cookies settings
kpmg uk's online privacy statement,Other
krux,Other
kuula,Other
learn about cookies,Other
learn about how we use them,Other
learn about our policies,Other
learn cookies,Other
learn more,Cookies settings
learn more & customise,Cookies settings
learn more about advertising cookies,Other
learn more about analytics cookies,Other
learn more about cookies,Other
learn more about how we use cookies,Other
learn more about it,Cookies settings
learn more about necessary cookies,Other
learn more about our cookie policy,Other
learn more about our cookies,Other
learn more about the cookies we use,Other
learn more about this provider,Other
learn more about website advertising,Other
learn more and change settings,Cookies settings
learn more and customise,Cookies settings
learn more and customize,Cookies settings
learn more and manage your cookies,Cookies settings
learn more here,Cookies settings
learn more | settings,Cookies settings
"learn more, including how to manage your privacy settings",Cookies settings
learn more/manage cookies,Cookies settings
learn to change your settings,Cookies settings
learn why and how here,Other
learning,Other
leave,Other
legal,Other
legal and regulatory information,Other
legal description,Other
legal information,Other
legal notice,Other
legitimate interest,Other
let me choose,Cookies settings
let me choose my cookies,Cookies settings
let me decide,Cookies settings
let's get started,Other
lets go,Accept
letâ€™s go,Accept
life in london,Other
link,Other
linkedin,Other
linkedin privacy policy,Other
list of cookies,Other
list of iab vendors,Other
list of partners,Other
list of partners (vendors,Other
live chat,Other
liveintent inc,Other
liver,Other
loans for bad credit,Other
local storage,Other
locale identification cookies,Other
log in,Other
log in as a business,Other
log in as a consumer,Other
login,Other
london data centre,Other
lta advantage account terms & conditions,Other
lta immigration endorsement policy,Other
made media ltd,Other
made to order posters,Other
malta,Other
managae cookies,Cookies settings
manage,Cookies settings
manage  my preferences,Cookies settings
manage additional cookies,Cookies settings
manage choices,Cookies settings
manage consent,Cookies settings
manage consent preferences,Cookies settings
manage consents,Cookies settings
manage cookie preferences,Cookies settings
manage cookie selection,Cookies settings
manage cookie settings,Cookies settings
manage cookies,Cookies settings
manage cookies and learn more,Cookies settings
manage cookies here,Cookies settings
manage cookies in your browser,Cookies settings
manage cookies settings,Cookies settings
manage decisions,Cookies settings
manage facebook ad settings,Cookies settings
manage my choices,Cookies settings
manage my cookies,Cookies settings
manage my preferences,Cookies settings
manage my settings,Cookies settings
manage options,Cookies settings
manage preference,Cookies settings
manage preferences,Cookies settings
manage preferences & view cookie policy,Cookies settings
manage settings,Cookies settings
manage tracking,Cookies settings
manage vendors,Cookies settings
manage your consent,Cookies settings
manage your consents,Cookies settings
manage your cookie preferences,Cookies settings
manage your cookie settings,Cookies settings
manage your cookies,Cookies settings
manage your own settings,Cookies settings
manage your preferences,Cookies settings
manage your privacy settings,Cookies settings
manage your settings,Cookies settings
manage your settings click here,Cookies settings
managecookies,Cookies settings
managing your cookie settings,Cookies settings
manfactory,Other
manual setting,Cookies settings
manually manage cookies,Cookies settings
marketing,Other
marketing and advertising,Other
marketing and other products,Other
marketing and personalization,Other
marketing and social networks,Other
marketing cookies,Other
"marketing: marketing cookies like those set by the third party technologies we use on our site such as google analytics and youtube and used to display more relevant, engaging and timely ads on other sites that you might visit",Other
marketo,Other
mcgraw hill privacy center,Other
meaning,Other
measurement,Other
mediamath inc,Other
medway county council,Other
meer informatie over deze aanbieder,Other
meet the team,Other
membership,Other
mention me,Other
menu,Other
merkle,Other
meta platform inc,Other
"meta platforms, inc",Other
microsoft,Other
microsoft corporation,Other
microsoft edge,Other
microsoft internet explorer,Other
"microsoft, bing - privacy policy",Other
midlands data centre,Other
modify cookie settings,Cookies settings
modify my choices,Cookies settings
monotype,Other
more,Cookies settings
more about,Other
more about cookies,Other
more about cookies and how to change your settings,Cookies settings
more about our cookies,Other
more about these cookies,Other
more choices,Cookies settings
more details,Cookies settings
more details on how we are using cookies,Other
more info,Cookies settings
more info here,Cookies settings
more info on our cookie policy,Other
more info v,Cookies settings
more information,Cookies settings
more information about cookies,Other
more information about cookies here,Other
more information about how you can control your browser cookies is available on our privacy page,Other
more information about pearson cookie policy,Other
more information about your privacy,Other
more information can be found in our privacy policy and cookies,Other
more information on cookies,Other
more information on giving consent to cookies,Other
more information on our use of cookies,Other
more information on pearson cookie policy,Other
more information on the cookies we use,Other
more news,Other
more on how we use cookies,Other
more options,Cookies settings
more options and information,Cookies settings
more sds policies,Other
motability,Other
mozilla firefox,Other
much loved,Other
my account,Other
my choices,Cookies settings
my cookie preferences,Cookies settings
my options,Cookies settings
my selection statigen,Other
my settings,Cookies settings
mydistrict,Other
na,Other
nativo,Other
ndna terms and conditions,Other
ndp studio,Other
necessary,Other
necessary cookies,Other
necessary cookies are absolutely essential for the website to function properly. this category only includes cookies that ensures basic functionalities and security features of the website. these cookies do not store any personal information,Other
necessary cookies only,Reject
necessary only,Reject
network advertising initiative,Other
network advertising preferences manager,Other
"neustar, inc",Other
new car awards,Other
new car deals,Other
new customer? sign up,Other
new relic,Other
news,Other
news & blogs,Other
news centre,Other
newsletter,Other
next,Other
"nextroll, inc privacy notice",Other
"nextroll, inc's trust center",Other
nhs cheshire and merseyside becomes statutory organisation,Other
no,Reject
no guarantor loans,Other
no i decline,Reject
no problem,Accept
no space for hate project,Other
no thank you,Reject
no thanks,Reject
"no thanks, only accepted",Reject
"no thanks, only technical cookies",Reject
no to cookies,Reject
no worries,Accept
"no, adjust",Cookies settings
"no, decide individually",Cookies settings
"no, do not use analytics cookies",Reject
"no, give me more info",Cookies settings
"no, give me more information",Cookies settings
"no, give me more information about cookies",Cookies settings
"no, go to settings",Cookies settings
"no, i decline",Reject
"no, i do not accept cookies for this site",Reject
"no, i don't agree",Reject
"no, i want to find out more",Cookies settings
"no, i want to reject all cookies",Reject
"no, manage cookies",Cookies settings
"no, manage my settings",Cookies settings
"no, take me to cookie settings",Cookies settings
"no, take me to settings",Cookies settings
"no, thanks",Reject
"no, that's not okay",Reject
no. take me to settings,Cookies settings
no; give me more information,Cookies settings
non necessary,Other
non-essential,Other
non-essential cookies,Other
non-necessary,Other
north east lincolnshire county council,Other
northamptonshire county council,Other
not agree,Reject
not now,Close/Continue without accepting
not voting,Other
"not yet, i'd like to learn more first",Cookies settings
of which:,Other
off,Other
official google adsense privacy faq,Other
official google analytics page,Other
ok,Accept
ok agree,Accept
ok continue,Accept
ok got it,Accept
ok to continue,Accept
ok to cookies,Accept
ok to use analytics cookies,Accept
ok to use our recommended settings,Accept
ok with me,Accept
"ok, accept all",Accept
"ok, accept all cookies",Accept
"ok, accept everything",Accept
"ok, continue",Accept
"ok, continue to site",Accept
"ok, continue to website",Accept
"ok, got it",Accept
"ok, hide this message",Accept
"ok, i accept",Accept
"ok, i agree",Accept
"ok, i understand",Accept
"ok, i've understood",Accept
"ok, no problem",Accept
"ok, thanks",Accept
"ok,i agree",Accept
ok. got it,Accept
okay,Accept
"okay thanks, i understand",Accept
okay to continue,Accept
"okay, got it",Accept
"okay, i accept",Accept
"okay, i agree",Accept
"okay, thank you",Accept
"okay, thanks",Accept
omnystudio,Other
on,Other
on this page,Other
online advertising,Other
only accept essential,Reject
only accept marketing cookies,Reject
only accept necessary cookies,Reject
only accept required cookies,Reject
only accept technically necessary cookies,Reject
only allow essential cookies,Reject
only allow necessary cookies,Reject
only essential,Reject
only essential cookies,Reject
only essentials,Reject
only neccesary,Reject
only necessary,Reject
only necessary cookies,Reject
only required cookies,Reject
only the necessary cookies,Reject
only use essential cookies,Reject
only use necessary cookies,Reject
onthegosystems ltd,Other
open bidding,Other
open cookie policy,Other
open cookie preferences,Cookies settings
open cookie settings,Cookies settings
opera,Other
opera software ireland limited,Other
opportunities at the guild,Other
opt in,Accept
opt in to analytics,Accept
opt out,Reject
opt out of google analytics,Reject
opt out of google analytics cookies,Reject
opt-out,Reject
optanonalertboxclosed,Other
optanonconsent,Other
opted-out,Other
optimizely,Other
optional cookies,Other
options,Cookies settings
or accept and close,Accept
or select your own preferences,Cookies settings
oracle corporation,Other
order history,Other
organizer cookies,Other
ortec b.v,Other
other,Other
other cookies,Other
other external services,Other
other options,Cookies settings
other uncategorised cookies are those that are being analysed and have not been classified into a category as yet,Other
other uncategorized cookies are those that are being analyzed and have not been classified into a category as yet,Other
others,Other
our alumni,Other
our cookie information page,Other
our cookie notice,Other
our cookie page,Other
our cookie policy,Other
our cookie policy here,Other
our cookie policy information,Other
our cookies,Other
our cookies and how to manage them,Other
our cookies notice,Other
our cookies page,Other
our cookies policy,Other
our cookies statement,Other
our corporate data privacy notice,Other
our departments,Other
our full cookie policy,Other
our full privacy policy,Other
our partners,Other
our people,Other
our policies,Other
our policy,Other
our privacy policy,Other
our services,Other
"our site uses first and third party cookies and other technologies so that we  can remember you,  understand how you use our site and our surveys and prevent fraud. in addition, our third party partners use or read cookies or similar technologies through our site to better understand your web-browsing activities as part of the online ad tracking effectiveness program.  as participants in that program, our third party partners drop or read a cookie or similar technology within your browser to enable us to send surveys to you regarding advertisements that are displayed during your web browsing activities",Other
"our site uses first and third party cookies and other technologies so that we can remember you, understand how you use our site and our surveys and to prevent fraud. in addition, our third party partners use or read cookies or similar technologies through our site to better understand your web-browsing activities as part of the online ad tracking effectiveness program. as participants in that program, our third party partners drop or read a cookie or similar technology within your browser to enable us to send surveys to you regarding advertisements that are displayed during your web browsing activities",Other
our use of cookies,Other
our use of cookies; your choices,Other
our visiting restrictions,Other
our work,Other
outbrain inc,Other
outgrow,Other
outlets,Other
over,Other
over here,Other
overview,Other
owner reviews,Other
oxfam gb cookie policy,Other
oxfinder,Other
page,Other
paperform,Other
part exchange,Other
partners,Other
pay as you go,Other
pay your subscription,Other
payday loans,Other
payday loans for bad credit,Other
paypal,Other
performance,Other
performance and analytics,Other
performance and personalization,Other
performance cookies,Other
performance cookies are used to understand and analyze the key performance indexes of the website which helps in delivering a better user experience for the visitors,Other
performance/analytics,Other
personal banking,Other
personalisation,Other
personalisation cookies,Other
personalise settings,Cookies settings
personalization,Other
personalize,Cookies settings
personalize your choice,Cookies settings
personalized content,Other
pinterest,Other
pipedrive,Other
player,Other
playitforward,Other
playwire llc,Other
please click here,Cookies settings
please click to read our cookie policy,Other
please give me more information,Other
please read our cookie policy,Other
please read our cookie policy in full,Other
please sign in,Other
please think about your privacy - clear browsing history if necessary. click for quick exit,Other
please view our cookie policy for further details,Other
please visit our cookies page,Other
plista gmbh,Other
podbean,Other
policies,Other
policies & rules,Other
policies and procedures,Other
policies page,Other
policy,Other
policy details,Other
policy page,Other
politica de privacidade,Other
politique de confidentialite,Other
portfolio,Other
posted 10 hours ago,Other
posted on jul,Other
powered by,Other
powered by cookie information,Other
powered by cookie-script,Other
powered by cookiebot,Other
preference center,Cookies settings
preference cookies,Other
"preference cookies are used to store user preferences to provide content that is customized and convenient for the users, like the language of the website or the location of the visitor",Other
preferences,Cookies settings
"preferences: preference cookies enable our website to remember information that changes the way the website behaves or looks for you, like your preferred consent setting with cookies and sometimes the site's appearance and features available",Other
press,Other
press centre,Other
press office,Other
prezi,Other
privacy,Other
privacy  policy,Other
privacy & cookie,Other
privacy & cookie policy,Other
privacy & cookies,Other
privacy & cookies policy,Other
privacy & data protection policy,Other
privacy & gdpr,Other
privacy and accessibility,Other
privacy and cookie notice,Other
privacy and cookie policy,Other
privacy and cookie policy here,Other
privacy and cookie statement,Other
privacy and cookies,Other
privacy and cookies information,Other
privacy and cookies policy,Other
privacy and cookies statement,Other
privacy and data processing policy,Other
privacy and legal,Other
privacy and terms,Other
privacy and terms website,Other
privacy centre,Other
privacy controls,Cookies settings
privacy information,Other
privacy notice,Other
privacy overview,Other
privacy page,Other
privacy policies,Other
privacy policies and terms,Other
privacy policy,Other
privacy policy & cookies,Other
privacy policy (it opens in a new window,Other
privacy policy (opens in new window,Other
privacy policy and cookies,Other
privacy policy and terms and conditions,Other
privacy policy and use of cookies,Other
privacy policy for complainants,Other
privacy policy for further infromation,Other
privacy policy for members,Other
privacy policy for non-members,Other
privacy policy here,Other
privacy policy page,Other
privacy policy to learn more,Other
privacy preferences,Cookies settings
privacy settings,Cookies settings
privacy statement,Other
"privacy, security and cookie notice",Other
private charter,Other
private jet charter,Other
proceed,Accept
proceed with these settings,Accept
process data,Other
processing of personal data,Other
product support,Other
program policy,Other
prohibit,Reject
prohibit all cookies,Reject
prospect privacy & cookie policy,Other
protection declaration,Other
psyma,Other
publications and statistics,Other
published a list of detailed information on the cookies the cornwall council websites use,Other
publisher,Other
pubmatic inc,Other
pure chat,Other
purposes,Other
purposes and features,Other
purposes for storing information,Other
px suite,Other
qualaroo,Other
quality unit llc,Other
quick loans,Other
rafflecopter,Other
rakuten group,Other
random number generator,Other
read about cookies,Other
read about cookies we use,Other
read about how we use cookies,Other
read about our cookie policy,Other
read about our cookies,Other
read about our privacy policy,Other
read about the cookies on our site,Other
read about them here,Other
read cookie policy,Other
read cookies policy,Other
read description,Other
read here,Other
read middlesex university's latest review report,Other
read more,Other
read more about cookies,Other
read more about cookies here,Other
read more about google's terms here,Other
read more about our cookie policy,Other
read more about our cookie policy here,Other
read more about our cookies,Other
read more about our cookies here,Other
read more about our use of cookies,Other
read more about siteimprove analytics,Other
read more about the cookies used here,Other
read more about the site cookies,Other
read more about these purposes,Other
read more about what cookies we use here,Other
read more about your options,Other
read more here,Other
read our cookie                policy,Other
read our cookie and privacy policy,Other
read our cookie declaration,Other
read our cookie notice,Other
read our cookie policy,Other
read our cookie policy and how to disable them,Other
read our cookie policy for more information,Other
read our cookie policy here,Other
read our cookie statement,Other
read our cookies policy,Other
read our cookies policy and how to manage them,Other
read our full cookie policy,Other
read our full cookie policy here,Other
read our full privacy notice here,Other
read our full privacy policy & cookie information here,Other
read our policy,Other
read our policy here,Other
read our policy now,Other
read our privacy & cookie policy,Other
read our privacy and cookie policy,Other
read our privacy policy,Other
read our privacy policy to learn more,Other
read our updated privacy,Other
read our updated privacy policy on how we treat your data with tlc,Other
read our website privacy policy for full details,Other
read policy,Other
read terms and service,Other
read the blue cross cookie policy,Other
read the full cookie notice,Other
read the google analytics use of cookies policy here,Other
read the overview of advertising and privacy at google,Other
read the privacy policy,Other
read the youtube privacy policy,Other
read vimeo's privacy policy,Other
read what they do here,Other
receive and use automatically-sent device characteristics for identification,Other
recipes,Other
recruitment privacy policy,Other
recycling,Other
refer to our cookie policy,Other
referralcandy,Other
refuge.org.uk/cookie-policy,Other
refuse,Reject
refuse all,Reject
refuse all cookies,Reject
refuse cookies,Reject
refuse cookies & close website,Reject
refuse non-necessary cookies,Reject
refuse or set up,Cookies settings
refused,Reject
register,Other
registered with fundraising regulator,Other
registration of a new fitting station,Other
regular events hosted by the college,Other
reject,Reject
reject additional cookies,Reject
reject all,Reject
reject all cookies,Reject
reject all non-essential cookies,Reject
reject all optional,Reject
reject analytical cookies,Reject
reject analytics,Reject
reject analytics cookie,Reject
reject analytics cookies,Reject
reject and leave site,Reject
reject cookies,Reject
reject non essential,Reject
reject non-essential,Reject
reject non-essential cookies,Reject
reject non-necessary,Reject
reject optional,Reject
reject optional cookies,Reject
reject optional cookies and close,Reject
reject the use of all cookies,Reject
reject them,Reject
reject unnecessary cookies,Reject
reject unrequired cookies,Reject
reject/customise,Cookies settings
remember my preference,Save cookie settings
remote support,Other
replace base,Other
reply,Other
report,Other
report a problem with this window,Other
report it here,Other
request your data,Other
required cookies,Other
reset,Other
responsible lending,Other
retailer awards,Other
returns / faulty products,Other
retweet,Other
review,Cookies settings
review and set individual cookie settings here,Cookies settings
review cookie policy,Other
review cookie settings,Cookies settings
review cookies,Other
review options,Cookies settings
review our cookie policy,Other
review our policy,Other
review our use of cookies and set your preferences,Cookies settings
review our website privacy policy,Other
review settings,Cookies settings
review your privacy settings,Cookies settings
revoke cookies,Reject
revoke my cookie acceptance,Reject
rewired,Other
roku inc,Other
roxr software ltd,Other
rwyâ€™n deall / i understand,Other
safari,Other
safety,Other
sale - up to 50% off,Other
salesfire,Other
salesforce,Other
salesforce interaction studio(formerly evergage,Other
salesforce.com inc,Other
same day loans,Other
save,Save cookie settings
save & accept,Save cookie settings
save & accept enabled settings,Save cookie settings
save & allow my selection,Save cookie settings
save & close,Save cookie settings
save & close privacy settings,Save cookie settings
save & continue,Save cookie settings
save & exit,Save cookie settings
save & submit preferences,Save cookie settings
save + exit,Save cookie settings
save advanced cookie settings,Save cookie settings
save and accept,Save cookie settings
save and close,Save cookie settings
save and close cookie control,Save cookie settings
save and confirm,Save cookie settings
save and continue,Save cookie settings
save and exit,Save cookie settings
save and finish,Save cookie settings
save and go back,Save cookie settings
save and go to site,Save cookie settings
save changes,Save cookie settings
save choice,Save cookie settings
save choices,Save cookie settings
save choices and continue,Save cookie settings
save cookie preferences,Save cookie settings
save cookie preferences & close,Save cookie settings
save cookie settings,Save cookie settings
save current settings,Save cookie settings
save custom preferences,Save cookie settings
save custom settings,Save cookie settings
save for all sites,Save cookie settings
save individual settings,Save cookie settings
save my choices,Save cookie settings
save my cookie choices,Save cookie settings
save my cookie choices and close,Save cookie settings
save my preferences,Save cookie settings
save my privacy settings,Save cookie settings
save my settings,Save cookie settings
save preferences,Save cookie settings
save preferences & exit,Save cookie settings
save preferences and close,Save cookie settings
save preferred settings,Save cookie settings
save selected,Save cookie settings
save selection,Save cookie settings
save selection options,Save cookie settings
save settings,Save cookie settings
save your preferred settings,Save cookie settings
save/close,Save cookie settings
sayollo media ltd,Other
school subscribers agreement,Other
search,Other
search engine optimisation,Other
search now,Other
section 10 - glossary,Other
section 4 - how we use your personal data,Other
security advice,Other
see cookie policy,Other
see cookies policy terms,Other
see description,Other
see details,Cookies settings
see full cookie policy,Other
see less,Other
see more,Cookies settings
see more about cookies,Other
see mps cookie policy,Other
see our analytics cookies,Other
see our cookie policies,Other
see our cookie policy,Other
see our cookie policy for full details,Other
see our cookie policy for more information,Other
see our cookie statement,Other
see our cookies page for more information,Other
see our cookies policy,Other
see our cookies privacy policy,Other
see our functional cookies,Other
see our partners,Other
see our policy,Other
see our privacy policy,Other
see our privacy statement,Other
see privacy policy,Other
see the advertising cookies used on the museum's website,Other
see the detailed description of the used cookies,Other
see the functional cookies used on the museum's website,Other
see the official website,Other
see the performance cookies used on the museum's website,Other
see the report,Other
see third party cookies,Other
segment (formerly segment.io,Other
select all,Other
select and proceed,Save cookie settings
select basic ads,Other
select cookie preferences,Cookies settings
select cookies,Cookies settings
select personalised ads,Other
sell my car,Other
selling terms & conditions,Other
send feedback,Other
send to email,Other
servers,Other
services,Other
servmetric,Other
set,Cookies settings
set cookie preferences,Cookies settings
set cookies,Cookies settings
set custom preferences,Cookies settings
set my preferences,Cookies settings
set preferences,Cookies settings
set your choices,Cookies settings
set your consent,Cookies settings
set your preferences,Cookies settings
setcustomvar,Other
settings,Cookies settings
share your feedback,Other
sharethis,Other
shopify,Other
short term loans for bad credit,Other
show all cookie details,Cookies settings
show cookie information,Cookies settings
show cookie preferences,Cookies settings
show details,Cookies settings
show more,Cookies settings
show more details,Cookies settings
show partners,Other
show preferences,Cookies settings
show purposes,Other
show settings,Cookies settings
show vendors within this category,Other
shows,Other
sign in,Other
sign me up,Other
sign up,Other
sign up as a supporter,Other
sign-in,Other
simplifi holdings inc,Other
site by catch,Other
site map,Other
site services,Other
site.adform.com/privacy-center/platform-privacy/product-and-services-privacy-policy,Other
sitecore holding ii a/s,Other
siteimprove,Other
sitemap,Other
sitescout,Other
sketchfab,Other
"skip to ""agree to all",Accept
"skip to ""save",Save cookie settings
skip to content,Other
skip to main content,Other
sluts,Other
small loans,Other
smart ict 4 schools (smartict4schools.com,Other
snap inc,Other
sno big deal,Other
social media,Other
social media cookies,Other
social media moderation guidelines,Other
social network,Other
software,Other
sonic odeeo ltd,Other
"sonobi, inc",Other
sony group companies,Other
sony pictures,Other
sounds good,Other
south cliff holiday park (southcliff.co.uk,Other
speak,Other
speakol dmcc,Other
special purposes and features,Other
specialist solutions,Other
sponsorship,Other
sporcle,Other
sport and exercise science and rehabilitation,Other
sport and fitness,Other
spotify inc,Other
spotxchange,Other
squad,Other
squeezely,Other
stackadapt privacy policy,Other
stackadaptation,Other
staff login,Other
start free trial,Other
start of menu,Other
statistical,Other
statistics,Other
statistics cookies,Other
"statistics: statistic cookies like those set by google analytics help us understand our website's traffic, content popularity and how visitors anonymously interact with our content and on-line services",Other
stericycle cookie policy,Other
strictly neccessary cookies,Other
strictly necessary,Other
strictly necessary and functional,Other
strictly necessary cookies,Other
strictly necessary cookies here,Other
strictly necessary cookies only,Reject
stripe,Other
stripe inc,Other
stroer core gmbh & co. kg,Other
student life,Other
study abroad and exchanges,Other
study with us,Other
subject access requests,Other
submit,Save cookie settings
submit preferences,Save cookie settings
subscribe,Other
subscribe to our mailing list,Other
subscriptions,Other
support sharing features on partners websites.advertising of our products on partner and social media websites,Other
support sharing features on partners websitesadvertising of our products on partner and social media websites,Other
support us,Other
sure,Accept
switch to republic of ireland,Other
symptom checker,Other
t,Other
t&c's,Other
t&cs,Other
taboola inc,Other
tag manager,Other
talkative cookies,Other
tapad inc,Other
targeted advertising cookies,Other
targeting,Other
targeting & advertising cookies,Other
targeting and advertising cookies,Other
targeting and tracking,Other
targeting cookies,Other
targeting cookies here,Other
tax adviser magazine,Other
teachingeastriding (teacheastriding.co.uk,Other
teal,Other
techsmith,Other
tel,Other
tell me more,Cookies settings
terms,Other
terms & conditions,Other
terms & conditions and privacy notice,Other
terms and conditions,Other
terms and conditions home,Other
terms of service,Other
terms of service use,Other
terms of use,Other
termsfeed,Other
th,Other
thanks for letting me know,Close/Continue without accepting
that's fine,Accept
that's ok,Accept
thats ok,Accept
the,Other
the business day (bridspa.com/thebusinessday,Other
the cookie policy,Other
the data we collect about you,Other
the fine print,Other
the following partners use this activity,Other
the information commissioners' office (ico) website,Other
the lending standards board,Other
the petplan privacy notice,Other
the trade desk,Other
the trade desk inc,Other
the trade desk privacy policy,Other
the use of cookies,Other
their partners,Other
their partners' use of cookies,Other
their private,Other
themes,Other
these cookies,Other
"these cookies allow us to count visits and traffic sources so we can measure and improve the performance of our site. they help us to know which pages are the most and least popular and see how visitors move around the site. all information these cookies collect is aggregated and therefore anonymous. if you do not allow these cookies we will not know when you have visited our site, and will not be able to monitor its performance",Other
"these cookies are essential for enabling user movement around our website and providing access to features such as your profile and purchases, log in credentials, and other areas of the website. these cookies are necessary to enable the basic features of this site to function, such as providing secure log-in, allowing images to load, or allowing you to select your cookie preferences. this category of cookies cannot be disabled",Other
"these cookies are needed for certain elements of our website to work properly, although it will generally work without these. some links may not work correctly, for example",Other
"these cookies are used to help us improve the performance of some or all pages on our website. for instance, we use google analytics to look at how people navigate through our website and use this to make improvements",Other
these cookies help us gather information about website usage. which pages are popular etc - it helps us improve customer experience,Other
these cookies help us make the website and marketing more relevant to your interests. they record pages you view and other targeting information,Other
"these cookies may be set through our site by our advertising partners. they may be used by those companies to build a profile of your interests and show you relevant adverts on other sites. they do not store directly personal information, but are based on uniquely identifying your browser and internet device. if you do not allow these cookies, you will experience less targeted advertising",Other
"these cookies will be used to track your preferences and only show adverts relevant to your interests. if you choose to disable marketing cookies, you may see ads that are less relevant to you. these ads use cookies, but not for personalization. see the list of marketing cookies used on our site below",Other
third party cookie providers,Other
third party cookies,Other
third party vendors,Other
third-party companies,Other
third-party cookies,Other
third-party providers,Other
this browser add-on,Other
"this is ok, don't tell me again",Accept
this link,Other
this privacy notice,Other
"this website (https://charitydigital.org.uk) and the heritage digital portal (https://heritage-digital.org) is run by charity digital, which is a uk-registered charity that also runs charity digital exchange and charity digital jobs. what are cookies?a cookie is a small text file placed on your computer to collect standard internet log information and visitor behaviour information. it is generated by a web server (which is basically the computer that operates a website) and can be used by that server whenever the user visits the site. a cookie can be thought of as an internet user's identification card, which tells a website when the user has returned.our cookies can't harm your computer and we don't store any personally identifiable information about you on any of our cookies.for further information visit aboutcookies.org or allaboutcookies.org. you can set your browser not to accept cookies and these websites tell you how to remove cookies from your browser.why do we use cookies on this site?this website uses two types of cookies: cookies set by charity digital and cookies set by third parties (i.e. other websites or services).charity digital's cookies enable us to keep you signed into your account throughout your visit and to tailor the information displayed on the site to your preferences, such as showing coupon codes to validated organisations.we also use third party cookies to help us analyse how people are using our site's features to improve it for future users. beyond that, we also use cookies to integrate content with our social networks, such as facebook and twitter.if you would like more information about the cookies we use, as well as details on how to opt-out, please see below",Other
this website uses cookies,Other
this website uses trusted third-party services to help us provide more relevant content to our visitors,Other
tickets,Other
tickettailor,Other
tiktok - data processor privacy policy,Other
titok,Other
to find out more about the cookies we use click here,Cookies settings
to know more and set up your cookies,Cookies settings
"to see a complete list of the companies that use these technologies and to choose whether they can be used on your device or not, access our cookie notice.you will see this message only once, but you will always be able to set your preferences at any time in the cookie consent tool",Other
toestemming,Other
toggle is currently on,Other
top,Other
tourdash,Other
towerdata inc,Other
tracer,Other
track your order,Other
tracker details page,Other
tracking,Other
tracking and performance cookies,Other
tracking and personalisation,Other
tracking cookies,Other
tradedouble,Other
trading t&cs,Other
traffic,Other
transparency,Other
transparency & accountability,Other
transparency is our priority,Other
treasure data,Other
treasury,Other
tripadvisor,Other
triple lift inc,Other
trouble shooting,Other
"trusted shops wants to use common measurement technologies for surfing behavior and cookies, also from third parties. these are used to create user profiles and display tailored content, including advertising, and to optimize our website. the data recipients may process your personal data for own purposes. your personal data may also be transferred to a third country without an adequacy decision or appropriate safeguards. information on the possible risks of such transfers can be found in the privacy policy under the section ""third countrytransfer"". we use certain technologies based on a balance of interests. by clicking on ""accept"", you explicitly consent to the processing described above and also to the transfer of data to third countries. you can reject this and withdraw your consent at any time with future effect. further information, including your right of withdrawal and objection, can be found in the cookie settings, privacy policy and in the legal notice",Other
turn cookies off,Reject
turn cookies on or off,Cookies settings
turn off data collection by google analytics,Reject
turn off personalised google ads here,Reject
twentythree,Other
twitter,Other
twitter inc,Other
twitter privacy policy,Other
twitter.com/en/privacy,Other
types of cookies,Other
u,Other
uber cookies,Other
uk consumer bank online privacy statement and cookies policy,Other
uk ico law,Other
uk web hosting,Other
ukas schedule of accreditation found here,Other
uncategorized,Other
unclassified,Other
undefined cookies are those that are being analyzed and have not been classified into a category as yet,Other
understanding cookie details,Cookies settings
understood,Accept
university on a budget,Other
update,Save cookie settings
update consent,Save cookie settings
update cookie preference,Save cookie settings
update cookie preferences,Save cookie settings
update preferences,Save cookie settings
update settings,Save cookie settings
update your cookie preferences,Save cookie settings
updated privacy policy and cookie policy,Other
use cookies,Accept
use cookies to collect information,Other
use essential cookies only,Reject
use functional cookies,Other
use my preferences,Save cookie settings
use my settings,Save cookie settings
use necessary cookies,Reject
use necessary cookies only,Reject
use necessary only,Reject
use of cookies,Other
use of cookies policy,Other
use only technical cookies,Reject
use recommended settings,Accept
use the recommended privacy settings,Accept
use this toggle to the left to manage how your browser uses performance cookies. on this website,Other
uses cookies,Other
using our content,Other
utmz,Other
uws & cookies,Other
uws privacy notice,Other
vaccines,Other
vanguard's cookie policy,Other
vehicle check,Other
veloxserv,Other
vendor preferences,Cookies settings
venue hire,Other
verizon communications inc,Other
view,Cookies settings
view a list of our cookies,Other
view all expert opinions,Other
view all options,Cookies settings
view cookie details,Other
view cookie information,Other
view cookie notice,Other
view cookie policy,Other
view cookie policy here,Other
view cookie settings,Cookies settings
view cookies,Cookies settings
view cookies list,Other
view cookies policy,Other
view details,Cookies settings
view full cookie policy,Other
view list of cookies we use,Other
view list of cookies we use (and opt out links,Other
view list of essential cookies,Other
view list of marketing & analytics cookies,Other
view more,Cookies settings
view more info,Cookies settings
view more information on our cookie policy,Cookies settings
view official website,Other
view our cookie / privacy policy,Other
view our cookie policy,Other
view our cookie policy here,Other
view our cookie privacy policy,Other
view our cookie statement,Other
view our cookies information page,Other
view our cookies page for more information,Other
view our cookies policy,Other
view our cookies policy here,Other
view our guide here,Other
view our partners,Other
view our policy,Other
view our privacy & cookie policy,Other
view our privacy and cookie policy,Other
view our privacy and cookie statement,Other
view our privacy notice,Other
view our privacy policy,Other
view partners,Other
view policy,Other
view preferences,Cookies settings
view privacy & cookie policy,Other
view privacy and cookie policy,Other
view privacy notice,Other
view privacy policy,Other
view privacy policy here,Other
view security & privacy,Other
view settings,Cookies settings
view the cookie policy,Other
view uwe bristol's cookie policy,Other
view vendor details,Other
view vendor list,Other
viewed here,Cookies settings
vimeo,Other
visa cookie notice,Other
visit our cookie notice page,Other
visit our cookie policy page,Other
visit our cookies page,Other
visit our global privacy center,Other
visit our privacy & cookies page,Other
visit our privacy policy,Other
visit our privacy policy to learn more,Other
visit the use of cookies page,Other
visiting our website,Other
visitor terms and conditions,Other
vote,Other
vuukle dmcc,Other
vyde ltd,Other
w,Other
walk me,Other
walking the riding (walkingtheriding.eastriding.gov.uk,Other
want to know more,Cookies settings
warranty terms,Other
watch fantom inc. aka catapultx,Other
we,Other
we need your consent to proceed,Other
"we respect your privacy, here's how",Other
"we use advertising cookies to deliver highly relevant advertisements to our audiences, through platforms such as facebook, linkedin and instagram",Other
we use advertising cookies to ensure we can show you information on our campaigns that are most relevant to you,Other
we use and how to disable them,Other
we use cookies to make sure you get the best experience using our website.  find out more on our privacy policy page,Other
we value your privacy,Other
we'd like to set analytic cookies to help us to improve our website by collecting and reporting information on how you use it. for more information on how these cookies work please see our privacy policy,Other
web hosting,Other
web hosting policies,Other
website,Other
website conditions,Other
website data policy,Other
website design,Other
website design by the creative agency,Other
website privacy policy,Other
website privacy statement,Other
website terms of use,Other
website's privacy policy,Other
websites,Other
wedding dates,Other
weigeren,Other
what are cookies,Other
what are cookies and similar technologies,Other
what does it mean,Other
what if i don't consent,Other
what we do,Other
what's on,Other
"when you proceed to access our site, the companies listed in the cookie consent tool will use cookies and other technologies",Other
"when you visit any web site, it may store or retrieve information on your browser, mostly in the form of cookies. this information might be about you, your preferences or your device and is mostly used to make the site work as you expect it to. the information does not usually directly identify you, but it can give you a more personalised web experience.because we respect your right to privacy, you can choose not to allow some types of cookies. click on the different category headings to find out more and change our default settings. however, blocking some types of cookies may impact your experience of the site and the services we are able to offer",Other
who we are,Other
who we are and whose personal information we collect,Other
why auto trader,Other
why we use cookies,Other
wigan council cookie policy,Other
wikipedia article on http cookies,Other
windows,Other
wisepops,Other
wishlist,Other
withdraw,Reject
withdraw consent,Reject
wix.com ltd,Other
wordpress cookies,Other
wordpress_test_cookie,Other
worldwide,Other
x,Close/Continue without accepting
x close,Close/Continue without accepting
xandr inc,Other
xplan,Other
y,Other
y cyngor,Other
yahoo,Other
yahoo!,Other
yandex,Other
yandex llc,Other
yes,Accept
yes i accept,Accept
yes i agree,Accept
yes of course,Accept
yes to all cookies,Accept
"yes, accept all",Accept
"yes, accept all cookies",Accept
"yes, accept and close",Accept
"yes, accept cookies",Accept
"yes, agreed",Accept
"yes, allow all",Accept
"yes, allow cookies",Accept
"yes, i accept",Accept
"yes, i accept cookies",Accept
"yes, i agree",Accept
"yes, i agree to all of these cookies",Accept
"yes, i am happy",Accept
"yes, i'm happy",Accept
"yes, i'm happy with this",Accept
"yes, i'm ok with analytics cookies",Accept
"yes, forgive all",Accept
"yes, ok",Accept
"yes, that's fine",Accept
"yes, that's ok",Accept
"yes, these cookies are ok",Accept
"yes, use analytics cookies",Accept
yoc,Other
yotpo voice,Other
you accept the use of cookies,Accept
you agree to our use of cookies,Accept
you can also read our cookies policy,Other
you can change your consent by clicking here,Cookies settings
you can change your preferences at any time,Cookies settings
you can find out more on our cookie page at any time,Other
you can find out more or opt-out from some cookies,Cookies settings
you can learn more about the cookies we use here,Other
you can opt-out of cookies from google analytics here,Other
you can read about them here,Other
you can read our cookie policy here,Other
you can read our cookies policy here,Other
you can review our cookie policy here,Other
you can see the full list of cookies on our website here,Other
you can view our privacy policy here,Other
you will find more information about the cookies here,Other
young engineers from north lanarkshire school triumph in national engineering challenge final,Other
your cookie preferences,Cookies settings
your cookie settings,Cookies settings
your data,Other
your future career,Other
your online choices,Other
your online choices: a guide to online behavioural advertising,Other
your options,Cookies settings
your privacy,Other
your privacy & cookies,Other
your settings,Cookies settings
your settings fornon-essential cookies,Cookies settings
your stay,Other
youtube,Other
zalando,Other
zalando lounge,Other
zalon,Other
zendesk,Other
zircle,Other
zoho,Other
â€™w gwneud,Other
